{"3dndj1jho49gtrm05i4hb5tgfl":{"id":"LDA-1758","calendarId":"3dndj1jho49gtrm05i4hb5tgfl","description":"LDA Monetree Summit Sync","startAt":"2023-01-17T08:30:00.000+0000","timeSpentSeconds":1800},"dgo5edsn1dg9b8bi9b8lni8b93_20230118T013000Z":{"id":"LDA-2445","calendarId":"dgo5edsn1dg9b8bi9b8lni8b93_20230118T013000Z","description":"Tier2-3 Support Grooming","startAt":"2023-01-18T01:30:00.000+0000","timeSpentSeconds":3600},"j43fp8rmg17gqi4vjs0sgr02ck_20230120T050000Z":{"id":"LDA-1758","calendarId":"j43fp8rmg17gqi4vjs0sgr02ck_20230120T050000Z","description":"Bank API Coordination","startAt":"2023-01-20T05:00:00.000+0000","timeSpentSeconds":1500},"3u81kfdtsg2gj0mafc069luqso_20230104T013000Z":{"id":"LDA-2445","calendarId":"3u81kfdtsg2gj0mafc069luqso_20230104T013000Z","description":"Tier 2-3 Support Grooming","startAt":"2023-01-04T01:30:00.000+0000","timeSpentSeconds":3600},"283islee5kqo95b5rou10u07dh":{"id":"MTS-2841","calendarId":"283islee5kqo95b5rou10u07dh","description":"MTS-2841 AU Wallet Transaction Dupes","startAt":"2023-01-10T01:30:00.000+0000","timeSpentSeconds":1800},"4dn8vf1e1q1etueogkept2i44i":{"id":"MTS-2841","calendarId":"4dn8vf1e1q1etueogkept2i44i","description":"MTS-2841 AU Wallet Transaction Dupes","startAt":"2023-01-10T02:00:00.000+0000","timeSpentSeconds":5400},"6vuaiogevnldug9epr876ostv0":{"id":"MTS-2841","calendarId":"6vuaiogevnldug9epr876ostv0","description":"MTS-2841 AU Wallet Transaction Dupes","startAt":"2023-01-10T04:30:00.000+0000","timeSpentSeconds":9000},"6qsro2pobo62p6rillpqflb1pf":{"id":"LDA-2717","calendarId":"6qsro2pobo62p6rillpqflb1pf","description":"[LDA-2717] Encrypt Token","startAt":"2023-01-11T04:30:00.000+0000","timeSpentSeconds":900},"05vnfpmjvgf77ff2avlfmlg107":{"id":"MTS-2789","calendarId":"05vnfpmjvgf77ff2avlfmlg107","description":"Caio / Brandon [MTS-2789] Topcard blank stuff","startAt":"2023-01-11T05:00:00.000+0000","timeSpentSeconds":3600},"127e9nn2vsq13s4gvrb2faqir4":{"id":"LDA-2717","calendarId":"127e9nn2vsq13s4gvrb2faqir4","description":"[LDA-2717] Encrypt Token KMS Prod","startAt":"2023-01-11T06:30:00.000+0000","timeSpentSeconds":900},"4ouoitj50t4luc2mu5mijg0e1j":{"id":"LDA-2717","calendarId":"4ouoitj50t4luc2mu5mijg0e1j","description":"[LDA-2717] Update MtSsuDeploy Tokens","startAt":"2023-01-11T07:15:00.000+0000","timeSpentSeconds":2700},"68tjqme8i2fpv5qqbcp6fq2im2_20230123T010000Z":{"id":"LDA-1758","calendarId":"68tjqme8i2fpv5qqbcp6fq2im2_20230123T010000Z","description":"Link Data Team Standup","startAt":"2023-01-23T01:00:00.000+0000","timeSpentSeconds":1200},"3c3q81bm7gv1geoumi5lmact62":{"id":"LDA-1933","calendarId":"3c3q81bm7gv1geoumi5lmact62","description":"[LDA-1933] Kyoto Chuo Shinkin Personal API prep","startAt":"2023-01-23T01:25:00.000+0000","timeSpentSeconds":3600},"64866jvfhn4utag8riqplmttfv":{"id":"LDA-1941","calendarId":"64866jvfhn4utag8riqplmttfv","description":"Brandon  / Caio 👨🏻‍💻👨🏻‍💻","startAt":"2023-01-23T04:15:00.000+0000","timeSpentSeconds":1800},"78pgcegsrdd77lksb11990rbrd":{"id":"LDA-1932","calendarId":"78pgcegsrdd77lksb11990rbrd","description":"Brandon / Caio 👨🏻‍💻👨🏻‍💻","startAt":"2023-01-23T04:45:00.000+0000","timeSpentSeconds":2700},"6m7lkslvnpm9r1ko2lj73vh79b":{"id":"LDA-2741","calendarId":"6m7lkslvnpm9r1ko2lj73vh79b","description":"Brandon  / Caio 👨🏻‍💻👨🏻‍💻","startAt":"2023-01-23T06:15:00.000+0000","timeSpentSeconds":10800},"68tjqme8i2fpv5qqbcp6fq2im2_20230124T010000Z":{"id":"LDA-1758","calendarId":"68tjqme8i2fpv5qqbcp6fq2im2_20230124T010000Z","description":"Link Data Team Standup","startAt":"2023-01-24T01:00:00.000+0000","timeSpentSeconds":1200},"36frfumb2fl0t2p2hib944d1v1":{"id":"LDA-2741","calendarId":"36frfumb2fl0t2p2hib944d1v1","description":"[LDA-2741] CONNECT API","startAt":"2023-01-24T02:00:00.000+0000","timeSpentSeconds":1800},"5q9fvdbplb7pv8hb9hgjjl01ja":{"id":"LDA-2685","calendarId":"5q9fvdbplb7pv8hb9hgjjl01ja","description":"[LDA-2685] Saison","startAt":"2023-01-24T04:45:00.000+0000","timeSpentSeconds":3600},"6q339vc9sol65va731d6jvpi75":{"id":"LDA-2685","calendarId":"6q339vc9sol65va731d6jvpi75","description":"[LDA-2685] Saison","startAt":"2023-01-24T05:30:00.000+0000","timeSpentSeconds":3600},"73016qv5h48gci364m5rt479nm":{"id":"LDA-1942","calendarId":"73016qv5h48gci364m5rt479nm","description":"Kyoto Chuo Launch [LDA-1942]","startAt":"2023-01-25T00:00:00.000+0000","timeSpentSeconds":1800},"2svk9e1icn5kdsb8f72vk670bs":{"id":"LDA-2685","calendarId":"2svk9e1icn5kdsb8f72vk670bs","description":"[LDA-2685] Hash-diff for No UI's","startAt":"2023-01-25T00:30:00.000+0000","timeSpentSeconds":1800},"68tjqme8i2fpv5qqbcp6fq2im2_20230125T010000Z":{"id":"LDA-1758","calendarId":"68tjqme8i2fpv5qqbcp6fq2im2_20230125T010000Z","description":"Link Data Team Standup","startAt":"2023-01-25T01:00:00.000+0000","timeSpentSeconds":1200},"22lp99d1r15nvgj9dam7t3jr43":{"id":"LDA-2741","calendarId":"22lp99d1r15nvgj9dam7t3jr43","description":"[LDA-2741] Brandon  / Caio","startAt":"2023-01-25T02:00:00.000+0000","timeSpentSeconds":1800},"j43fp8rmg17gqi4vjs0sgr02ck_20230127T050000Z":{"id":"LDA-1758","calendarId":"j43fp8rmg17gqi4vjs0sgr02ck_20230127T050000Z","description":"Bank API Coordination","startAt":"2023-01-25T02:30:00.000+0000","timeSpentSeconds":1500},"61q3nod5icau2luol58grrhfj8":{"id":"LDA-2741","calendarId":"61q3nod5icau2luol58grrhfj8","description":"[LDA-2741] Brandon  / Caio","startAt":"2023-01-25T04:30:00.000+0000","timeSpentSeconds":1800},"91vnvqb2p3e6mprh5vu18khfvj_20230126T053000Z":{"id":"LDA-1758","calendarId":"91vnvqb2p3e6mprh5vu18khfvj_20230126T053000Z","description":"LINK Data Backlog Grooming & Prioritization","startAt":"2023-01-25T07:30:00.000+0000","timeSpentSeconds":3000},"76396vquvvbmvil3b4jc1meo7p":{"id":"LDA-1933","calendarId":"76396vquvvbmvil3b4jc1meo7p","description":"[LDA-1933] Release Monitoring and Checks","startAt":"2023-01-25T03:30:00.000+0000","timeSpentSeconds":1800},"245fcan7b4r4uso5btrm3t822u":{"id":"LDA-1942","calendarId":"245fcan7b4r4uso5btrm3t822u","description":"[LDA-1942] Brandon / Caio","startAt":"2023-01-25T05:00:00.000+0000","timeSpentSeconds":900},"7690e7to9e9pq3vapmj8vlmfef":{"id":"LDA-2685","calendarId":"7690e7to9e9pq3vapmj8vlmfef","description":"[LDA-2685] Hash Dupes for Sasion","startAt":"2023-01-25T05:15:00.000+0000","timeSpentSeconds":2700},"4j526cfvgs183mmn9pn0v8uspu":{"id":"LDA-2685","calendarId":"4j526cfvgs183mmn9pn0v8uspu","description":"[LDA-2685] Hash Dupes for Sasion","startAt":"2023-01-25T06:45:00.000+0000","timeSpentSeconds":2700},"6d7ivgmolietvbuvu5ctts3o9q":{"id":"LDA-2685","calendarId":"6d7ivgmolietvbuvu5ctts3o9q","description":"[LDA-2685] Hash Dupes for Sasion","startAt":"2023-01-25T08:15:00.000+0000","timeSpentSeconds":4020},"4i8opttblfl1phve8qtad5sct6":{"id":"LDA-1942","calendarId":"4i8opttblfl1phve8qtad5sct6","description":"Kyoto Chuo Launch [LDA-1942] Check up on data","startAt":"2023-01-26T00:00:00.000+0000","timeSpentSeconds":1800},"2s0ttrhu1shp5p9sadlaq308pd":{"id":"LDA-1942","calendarId":"2s0ttrhu1shp5p9sadlaq308pd","description":"Kyoto Chuo Launch [LDA-1942]","startAt":"2023-01-26T07:30:00.000+0000","timeSpentSeconds":1800},"15o3k959ddojbqouecsmid3tgc":{"id":"LDA-2685","calendarId":"15o3k959ddojbqouecsmid3tgc","description":"[LDA-2685] Hash-diff for No UI's","startAt":"2023-01-26T23:00:00.000+0000","timeSpentSeconds":7200},"1b0kp5h4n6dii1php97trci11k":{"id":"LDA-2685","calendarId":"1b0kp5h4n6dii1php97trci11k","description":"[LDA-2685] Hash-diff for No UI's","startAt":"2023-01-29T23:00:00.000+0000","timeSpentSeconds":3600},"68tjqme8i2fpv5qqbcp6fq2im2_20230130T010000Z":{"id":"LDA-1758","calendarId":"68tjqme8i2fpv5qqbcp6fq2im2_20230130T010000Z","description":"Link Data Team Standup","startAt":"2023-01-30T01:00:00.000+0000","timeSpentSeconds":1200},"621rsgiostp7f6qk0r5vs6e43s":{"id":"LDA-2685","calendarId":"621rsgiostp7f6qk0r5vs6e43s","description":"[LDA-2685] Hash-diff for No UI's","startAt":"2023-01-30T01:20:00.000+0000","timeSpentSeconds":3300},"7tmvq6ubsn8rprj2vjsjqedbl6":{"id":"LDA-2390","calendarId":"7tmvq6ubsn8rprj2vjsjqedbl6","description":"[LDA-2390] Iyo Corp","startAt":"2023-01-30T02:15:00.000+0000","timeSpentSeconds":900},"5gs6mtihu5e1og17lj2b06sb14":{"id":"LDA-2389","calendarId":"5gs6mtihu5e1og17lj2b06sb14","description":"[LDA-2389] Iyo Corp","startAt":"2023-01-30T02:45:00.000+0000","timeSpentSeconds":900},"138jvi4konjo80r56j1709rt8v":{"id":"LDA-2685","calendarId":"138jvi4konjo80r56j1709rt8v","description":"[LDA-2685] Hash-diff for No UI's","startAt":"2023-01-30T04:00:00.000+0000","timeSpentSeconds":1800},"15pu9sa995n0jjjsk0mp6boo43":{"id":"LDA-2390","calendarId":"15pu9sa995n0jjjsk0mp6boo43","description":"[LDA-2390] Iyo Corp","startAt":"2023-01-30T04:30:00.000+0000","timeSpentSeconds":2700},"57tv6scojj1f7sepbgbs8jqd35":{"id":"LDA-2685","calendarId":"57tv6scojj1f7sepbgbs8jqd35","description":"[LDA-2685] Hash-diff for No UI's","startAt":"2023-01-30T05:15:00.000+0000","timeSpentSeconds":1800},"4jnpjglsadqiohs8jeikndp51r":{"id":"LDA-2390","calendarId":"4jnpjglsadqiohs8jeikndp51r","description":"[LDA-2390] Iyo Corp","startAt":"2023-01-30T05:45:00.000+0000","timeSpentSeconds":2700},"4ockv1jfsufe037epe4j73svlb":{"id":"LDA-2390","calendarId":"4ockv1jfsufe037epe4j73svlb","description":"[LDA-2390] Iyo Corp","startAt":"2023-01-30T06:30:00.000+0000","timeSpentSeconds":1800},"2v0rl0gh2v1n4j54tojntn3n1d":{"id":"LDA-2685","calendarId":"2v0rl0gh2v1n4j54tojntn3n1d","description":"[LDA-2685] Problem Space Puzzle","startAt":"2023-01-30T07:00:00.000+0000","timeSpentSeconds":3600},"68tjqme8i2fpv5qqbcp6fq2im2_20230131T010000Z":{"id":"LDA-1758","calendarId":"68tjqme8i2fpv5qqbcp6fq2im2_20230131T010000Z","description":"Link Data Team Standup","startAt":"2023-01-31T01:00:00.000+0000","timeSpentSeconds":1200},"7hv69ao2g4vmio0d7bk64uhfgo":{"id":"LDA-2390","calendarId":"7hv69ao2g4vmio0d7bk64uhfgo","description":"[LDA-2390] Iyo Corp","startAt":"2023-01-31T01:30:00.000+0000","timeSpentSeconds":4500},"5jimnvgmvirthp46iihtf805t4":{"id":"LDA-2390","calendarId":"5jimnvgmvirthp46iihtf805t4","description":"[LDA-2390] Iyo Corp","startAt":"2023-01-31T04:00:00.000+0000","timeSpentSeconds":900},"2cfhao4s3smn2s54iomo4ppffh":{"id":"LDA-2685","calendarId":"2cfhao4s3smn2s54iomo4ppffh","description":"[LDA-2685] Saison Card","startAt":"2023-01-31T04:15:00.000+0000","timeSpentSeconds":2700},"7s25o3khr8tgbpenqethu0t8l9":{"id":"LDA-2685","calendarId":"7s25o3khr8tgbpenqethu0t8l9","description":"[LDA-2685] Saison Card","startAt":"2023-01-31T05:45:00.000+0000","timeSpentSeconds":2700},"05futdrqtbvov70mpcuurtcmha":{"id":"LDA-2685","calendarId":"05futdrqtbvov70mpcuurtcmha","description":"[LDA-2685] Saison Card","startAt":"2023-01-31T08:00:00.000+0000","timeSpentSeconds":3600},"49qcokp0vij2gf53vf7fh318ot":{"id":"LDA-2685","calendarId":"49qcokp0vij2gf53vf7fh318ot","description":"[LDA-2685] Problem Space","startAt":"2023-01-31T23:00:00.000+0000","timeSpentSeconds":3600},"68tjqme8i2fpv5qqbcp6fq2im2_20230201T010000Z":{"id":"LDA-1758","calendarId":"68tjqme8i2fpv5qqbcp6fq2im2_20230201T010000Z","description":"Link Data Team Standup","startAt":"2023-02-01T01:00:00.000+0000","timeSpentSeconds":1200},"dgo5edsn1dg9b8bi9b8lni8b93_20230201T013000Z":{"id":"LDA-2445","calendarId":"dgo5edsn1dg9b8bi9b8lni8b93_20230201T013000Z","description":"Tier2-3 Support Grooming","startAt":"2023-02-01T01:30:00.000+0000","timeSpentSeconds":5400},"0cb8ldhoel9jjd535qtf6t4krn":{"id":"LDA-2685","calendarId":"0cb8ldhoel9jjd535qtf6t4krn","description":"[LDA-2685] Problem Space Caio / Brandon ","startAt":"2023-02-01T05:00:00.000+0000","timeSpentSeconds":8100},"7ldodgv1s8muse1efjh8qa8tch":{"id":"LDA-2685","calendarId":"7ldodgv1s8muse1efjh8qa8tch","description":"[LDA-2685] Caio / Brandon Pitch Practice","startAt":"2023-02-01T07:30:00.000+0000","timeSpentSeconds":4500},"55qgqmmivdfa1m2g53o1221bor":{"id":"LDA-2685","calendarId":"55qgqmmivdfa1m2g53o1221bor","description":"[LDA-2685] Hash-diff for No Account UI's","startAt":"2023-02-01T23:30:00.000+0000","timeSpentSeconds":5400},"68tjqme8i2fpv5qqbcp6fq2im2_20230202T010000Z":{"id":"LDA-1758","calendarId":"68tjqme8i2fpv5qqbcp6fq2im2_20230202T010000Z","description":"Link Data Team Standup","startAt":"2023-02-02T01:00:00.000+0000","timeSpentSeconds":1200},"2pl0jsbpbh60ntat49vj8untim":{"id":"LDA-2685","calendarId":"2pl0jsbpbh60ntat49vj8untim","description":"[LDA-2685] Entity Keys","startAt":"2023-02-02T01:30:00.000+0000","timeSpentSeconds":4500},"6d8nj2o21i87djhg4c08vu3emo":{"id":"LDA-2685","calendarId":"6d8nj2o21i87djhg4c08vu3emo","description":"[LDA-2685] Prep for presentation","startAt":"2023-02-02T04:00:00.000+0000","timeSpentSeconds":2400},"39o0cr7bl7ck3h9eub8k30im19":{"id":"LDA-1758","calendarId":"39o0cr7bl7ck3h9eub8k30im19","description":"Identifying Accounts without Entity Keys [LDA-1758]","startAt":"2023-02-02T04:40:00.000+0000","timeSpentSeconds":3000},"91vnvqb2p3e6mprh5vu18khfvj_20230202T053000Z":{"id":"LDA-1758","calendarId":"91vnvqb2p3e6mprh5vu18khfvj_20230202T053000Z","description":"LINK Data Backlog Grooming & Prioritization [LDA-1758]","startAt":"2023-02-02T05:30:00.000+0000","timeSpentSeconds":3000},"1126vpasc8bivi56f6u4go0css":{"id":"LDA-2685","calendarId":"1126vpasc8bivi56f6u4go0css","description":"[LDA-2685] Account Identifier","startAt":"2023-02-02T06:30:00.000+0000","timeSpentSeconds":6000},"0b9hump1geu0d6h29ev3fb2dmu":{"id":"LDA-1758","calendarId":"0b9hump1geu0d6h29ev3fb2dmu","description":"Focus time [LDA-1758]","startAt":"2023-01-30T00:00:00.000+0000","timeSpentSeconds":3600},"10n43vr88ppelask6shphjg5m5":{"id":"LDA-1758","calendarId":"10n43vr88ppelask6shphjg5m5","description":"Focus time [LDA-1758]","startAt":"2023-01-31T00:00:00.000+0000","timeSpentSeconds":3600},"p9igb9t2emn23q6gkv86m8lfbk":{"id":"LDA-1758","calendarId":"p9igb9t2emn23q6gkv86m8lfbk","description":"#digital-coffee Donut [LDA-1758]","startAt":"2023-01-31T05:00:00.000+0000","timeSpentSeconds":1800},"8fitpimal5drjobptaposnjd7m_20230131T073000Z":{"id":"LDA-1758","calendarId":"8fitpimal5drjobptaposnjd7m_20230131T073000Z","description":"1:1 Brandon  / Mike [LDA-1758]","startAt":"2023-01-31T06:30:00.000+0000","timeSpentSeconds":1800},"598dl9b93e62uu2u4em21qduk3":{"id":"LDA-1758","calendarId":"598dl9b93e62uu2u4em21qduk3","description":"Data Aggregation Queue Dev Review [LDA-1758]","startAt":"2023-01-31T07:00:00.000+0000","timeSpentSeconds":3600},"26sgh0hfhu4d52274ha9fludcu":{"id":"LDA-1758","calendarId":"26sgh0hfhu4d52274ha9fludcu","description":"Focus time [LDA-1758]","startAt":"2023-02-01T00:00:00.000+0000","timeSpentSeconds":3600},"3pbh13qb1h5217tm0gghq8v1i9_20230201T043000Z":{"id":"LDA-1758","calendarId":"3pbh13qb1h5217tm0gghq8v1i9_20230201T043000Z","description":"Focus time [LDA-1758]","startAt":"2023-02-01T04:00:00.000+0000","timeSpentSeconds":4500},"5gs6711alfddjq2mh1a4b2jf9b":{"id":"LDA-1758","calendarId":"5gs6711alfddjq2mh1a4b2jf9b","description":"Focus time [LDA-1758]","startAt":"2023-02-01T23:00:00.000+0000","timeSpentSeconds":1800},"4jcaad0pfm19fvusfg9t24baeb":{"id":"LDA-1758","calendarId":"4jcaad0pfm19fvusfg9t24baeb","description":"Focus time [LDA-1758]","startAt":"2023-02-02T23:00:00.000+0000","timeSpentSeconds":3600},"uplcmli9dibinrlkfvsebktl2t_20230203T010000Z":{"id":"LDA-1758","calendarId":"uplcmli9dibinrlkfvsebktl2t_20230203T010000Z","description":"Link Data Team Meeting [LDA-1758]","startAt":"2023-02-03T01:00:00.000+0000","timeSpentSeconds":5400},"22qqb8cr7jgtu8eb9neb8hv5un":{"id":"LDA-2685","calendarId":"22qqb8cr7jgtu8eb9neb8hv5un","description":"[LDA-2685] Create Spikes & Work Tickets","startAt":"2023-02-03T05:30:00.000+0000","timeSpentSeconds":5400},"43ohelspv3q6308aog60cona2v_20230130T023000Z":{"id":"LDA-1758","calendarId":"43ohelspv3q6308aog60cona2v_20230130T023000Z","description":"Monday All Hands ✴︎✳︎✴︎ [LDA-1758]","startAt":"2023-01-30T02:30:00.000+0000","timeSpentSeconds":1800},"2nd252nf64hqe78mq75ebl95lh":{"id":"LDA-1758","calendarId":"2nd252nf64hqe78mq75ebl95lh","description":"Reflection Survery [LDA-1758]","startAt":"2023-02-01T02:30:00.000+0000","timeSpentSeconds":1800},"3o8q51334oaqsl7v662fejeo17":{"id":"LDA-1758","calendarId":"3o8q51334oaqsl7v662fejeo17","description":"CultureAmp Team Feedback Survey's [LDA-1758]","startAt":"2023-02-03T00:00:00.000+0000","timeSpentSeconds":3600},"1u0h4hai03mrtk6cagtido9ani":{"id":"LDA-1758","calendarId":"1u0h4hai03mrtk6cagtido9ani","description":"Prep for demo [LDA-1758]","startAt":"2023-02-03T03:45:00.000+0000","timeSpentSeconds":3600},"3uleu5737achc3hnlp8vfcjtpt":{"id":"LDA-1758","calendarId":"3uleu5737achc3hnlp8vfcjtpt","description":"Timothy / Brandon  Support update [LDA-1758]","startAt":"2023-02-03T04:45:00.000+0000","timeSpentSeconds":1800},"7j93eh8a0193d17poq8duovlo4":{"id":"LDA-1758","calendarId":"7j93eh8a0193d17poq8duovlo4","description":"Catch up on busy work [LDA-1758]","startAt":"2023-02-03T07:30:00.000+0000","timeSpentSeconds":2700},"73rkrrecc214iqmr2div7064i6":{"id":"LDA-1758","calendarId":"73rkrrecc214iqmr2div7064i6","description":"Catch up on work communications [LDA-1758]","startAt":"2023-02-06T00:00:00.000+0000","timeSpentSeconds":3600},"68tjqme8i2fpv5qqbcp6fq2im2_20230206T010000Z":{"id":"LDA-1758","calendarId":"68tjqme8i2fpv5qqbcp6fq2im2_20230206T010000Z","description":"Link Data Team Standup","startAt":"2023-02-06T01:00:00.000+0000","timeSpentSeconds":1200},"5sc4d2c1a1uqk1etvl20gnhi4g_20230206T013000Z":{"id":"LDA-2445","calendarId":"5sc4d2c1a1uqk1etvl20gnhi4g_20230206T013000Z","description":"All-Tier Support Standup","startAt":"2023-02-06T01:30:00.000+0000","timeSpentSeconds":2100},"73kk8grs7pt9fitabhr3mfk4tv":{"id":"LDA-2788","calendarId":"73kk8grs7pt9fitabhr3mfk4tv","description":"[LDA-2788] - Amazon Point","startAt":"2023-02-06T02:05:00.000+0000","timeSpentSeconds":5100},"43ohelspv3q6308aog60cona2v_20230206T023000Z":{"id":"LDA-1758","calendarId":"43ohelspv3q6308aog60cona2v_20230206T023000Z","description":"Monday All Hands ✴︎✳︎✴︎ [LDA-1758]","startAt":"2023-02-06T02:30:00.000+0000","timeSpentSeconds":1800},"61o4q5q5hc2eemf1b217lt1on9":{"id":"LDA-2788","calendarId":"61o4q5q5hc2eemf1b217lt1on9","description":"Brandon / Tim [LDA-2788]","startAt":"2023-02-06T04:30:00.000+0000","timeSpentSeconds":9000},"2kim68ccj12e3rfrhb4ptc6c3n":{"id":"LDA-2788","calendarId":"2kim68ccj12e3rfrhb4ptc6c3n","description":"[LDA-2788] Skip interstitial and construct random url","startAt":"2023-02-06T07:00:00.000+0000","timeSpentSeconds":3600},"26bpiuvme2rlr78281afcd6s7h":{"id":"LDA-2724","calendarId":"26bpiuvme2rlr78281afcd6s7h","description":"[LDA-2724] Prepare for discussion with vertical head","startAt":"2023-02-06T23:00:00.000+0000","timeSpentSeconds":7200},"68tjqme8i2fpv5qqbcp6fq2im2_20230207T010000Z":{"id":"LDA-1758","calendarId":"68tjqme8i2fpv5qqbcp6fq2im2_20230207T010000Z","description":"Link Data Team Standup [LDA-1758]","startAt":"2023-02-07T01:00:00.000+0000","timeSpentSeconds":1200},"45e0981ovnr0o18csj8rvkftn3":{"id":"MTS-2227","calendarId":"45e0981ovnr0o18csj8rvkftn3","description":" Timothy/Brandon Sync on [MTS-2227]","startAt":"2023-02-07T01:15:00.000+0000","timeSpentSeconds":1800},"6q5k6piqmo3n3if9pa2qg9b2pf":{"id":"MTS-2492","calendarId":"6q5k6piqmo3n3if9pa2qg9b2pf","description":"[MTS-2492] D-Card Failing @Login","startAt":"2023-02-07T01:45:00.000+0000","timeSpentSeconds":3600},"82v3p22v70ochcd88hutjqf0ek_20230207T040000Z":{"id":"LDA-2445","calendarId":"82v3p22v70ochcd88hutjqf0ek_20230207T040000Z","description":"All-Tier Support Standup [LDA-2445]","startAt":"2023-02-07T04:00:00.000+0000","timeSpentSeconds":2700},"29184ns90vj5qsm30k89ic9haa":{"id":"MTS-3008","calendarId":"29184ns90vj5qsm30k89ic9haa","description":"Open Space [MTS-3008]","startAt":"2023-02-07T05:00:00.000+0000","timeSpentSeconds":7200},"25c02djd0kass5iffhjbs053dq":{"id":"MTS-3008","calendarId":"25c02djd0kass5iffhjbs053dq","description":"[MTS-3008] Finalizing and rolling out","startAt":"2023-02-07T07:15:00.000+0000","timeSpentSeconds":9000},"8fitpimal5drjobptaposnjd7m_20230207T073000Z":{"id":"LDA-1758","calendarId":"8fitpimal5drjobptaposnjd7m_20230207T073000Z","description":"1:1 Brandon  / Mike [LDA-1758]","startAt":"2023-02-07T07:30:00.000+0000","timeSpentSeconds":1800},"77gve5hk061ko5fuuvhcdqmh68":{"id":"MTS-3008","calendarId":"77gve5hk061ko5fuuvhcdqmh68","description":"[MTS-3008] Monitor Rollout from last night","startAt":"2023-02-08T00:00:00.000+0000","timeSpentSeconds":3600},"68tjqme8i2fpv5qqbcp6fq2im2_20230208T010000Z":{"id":"LDA-1758","calendarId":"68tjqme8i2fpv5qqbcp6fq2im2_20230208T010000Z","description":"Link Data Team Standup [LDA-1758]","startAt":"2023-02-08T01:00:00.000+0000","timeSpentSeconds":1200},"dgo5edsn1dg9b8bi9b8lni8b93_20230208T013000Z":{"id":"LDA-2445","calendarId":"dgo5edsn1dg9b8bi9b8lni8b93_20230208T013000Z","description":"Tier2-3 Support Grooming","startAt":"2023-02-08T01:30:00.000+0000","timeSpentSeconds":3600},"6lmu6nn8efdpvudantpasrejpn":{"id":"LDA-1758","calendarId":"6lmu6nn8efdpvudantpasrejpn","description":"CPMs [LDA-1758]","startAt":"2023-02-08T02:30:00.000+0000","timeSpentSeconds":3600},"3pbh13qb1h5217tm0gghq8v1i9_20230208T043000Z":{"id":"MTS-3008","calendarId":"3pbh13qb1h5217tm0gghq8v1i9_20230208T043000Z","description":"Focus time [MTS-3008]","startAt":"2023-02-08T04:30:00.000+0000","timeSpentSeconds":4500},"7qbkm2e8tmo78l676uch5ev990":{"id":"MTS-3008","calendarId":"7qbkm2e8tmo78l676uch5ev990","description":"[MTS-3008] Kyoto Chuo Shinkin 👨🏻‍💻👨🏻‍💻","startAt":"2023-02-08T05:30:00.000+0000","timeSpentSeconds":1800},"71stuo07r2oaolfg3objjm4cs0":{"id":"MTS-3019","calendarId":"71stuo07r2oaolfg3objjm4cs0","description":"Brandon / Tim Citibank Triage","startAt":"2023-02-08T06:30:00.000+0000","timeSpentSeconds":1800},"7mf3r9j488tgaeidebipg303ql":{"id":"MTS-2492","calendarId":"7mf3r9j488tgaeidebipg303ql","description":"[MTS-2492] D-Card investigation","startAt":"2023-02-09T00:00:00.000+0000","timeSpentSeconds":3600},"68tjqme8i2fpv5qqbcp6fq2im2_20230209T010000Z":{"id":"LDA-1758","calendarId":"68tjqme8i2fpv5qqbcp6fq2im2_20230209T010000Z","description":"Link Data Team Standup [LDA-1758]","startAt":"2023-02-09T01:00:00.000+0000","timeSpentSeconds":1200},"sf3ghrrh3ger31ld4qcbfnteci_20230209T013000Z":{"id":"LDA-2445","calendarId":"sf3ghrrh3ger31ld4qcbfnteci_20230209T013000Z","description":"All-Tier Support Standup","startAt":"2023-02-09T01:30:00.000+0000","timeSpentSeconds":1800},"1adu5dgcms8pn17qerjehgeb2q":{"id":"MTS-2492","calendarId":"1adu5dgcms8pn17qerjehgeb2q","description":"[MTS-2492] D-Card investigation","startAt":"2023-02-09T02:00:00.000+0000","timeSpentSeconds":2700},"1t10eroke9hbdsha4v9jsoboci_20230209T040000Z":{"id":"LDA-1758","calendarId":"1t10eroke9hbdsha4v9jsoboci_20230209T040000Z","description":"LINK Ecosystem All Hands [LDA-1758]","startAt":"2023-02-09T04:00:00.000+0000","timeSpentSeconds":3600},"5n02bc1kk6pte15d0dmv0vmgub":{"id":"MTS-2492","calendarId":"5n02bc1kk6pte15d0dmv0vmgub","description":"[MTS-2492] D-Card investigation","startAt":"2023-02-09T04:30:00.000+0000","timeSpentSeconds":3600},"91vnvqb2p3e6mprh5vu18khfvj_20230209T053000Z":{"id":"LDA-1758","calendarId":"91vnvqb2p3e6mprh5vu18khfvj_20230209T053000Z","description":"LINK Data Backlog Grooming & Prioritization [LDA-1758]","startAt":"2023-02-09T05:30:00.000+0000","timeSpentSeconds":3000},"3suegd1n1m9bsnl16f7s576f6a":{"id":"LDA-1758","calendarId":"3suegd1n1m9bsnl16f7s576f6a","description":"1:1 Michael / Brandon ","startAt":"2023-02-09T06:30:00.000+0000","timeSpentSeconds":3600},"07vnlbbimplvacomluga7h86lg":{"id":"LDA-1758","calendarId":"07vnlbbimplvacomluga7h86lg","description":"Wrap-up and handoff  [LDA-1758]","startAt":"2023-02-09T07:30:00.000+0000","timeSpentSeconds":1800},"3pbh13qb1h5217tm0gghq8v1i9_20230215T043000Z":{"id":"LDA-1758","calendarId":"3pbh13qb1h5217tm0gghq8v1i9_20230215T043000Z","description":"Focus time [LDA-1758]","startAt":"2023-02-15T04:30:00.000+0000","timeSpentSeconds":4500,"jiraWorklogId":"22792"},"68tjqme8i2fpv5qqbcp6fq2im2_20230220T010000Z":{"id":"LDA-1758","calendarId":"68tjqme8i2fpv5qqbcp6fq2im2_20230220T010000Z","description":"Link Data Team Standup","startAt":"2023-02-20T01:00:00.000+0000","timeSpentSeconds":1800,"jiraWorklogId":"22793"},"5sc4d2c1a1uqk1etvl20gnhi4g_20230220T013000Z":{"id":"LDA-2445","calendarId":"5sc4d2c1a1uqk1etvl20gnhi4g_20230220T013000Z","description":"All-Tier Support Standup","startAt":"2023-02-20T01:30:00.000+0000","timeSpentSeconds":3600,"jiraWorklogId":"22794"},"4fsvced6nlrah0ivomj5h4gab8":{"id":"MTS-3048","calendarId":"4fsvced6nlrah0ivomj5h4gab8","description":"Rory / Brandon [MTS-3048] SMBC Cleaner","startAt":"2023-02-20T04:00:00.000+0000","timeSpentSeconds":5400,"jiraWorklogId":"22795"},"28kc3trple4tnrgqi8b7gj7948":{"id":"MTS-3048","calendarId":"28kc3trple4tnrgqi8b7gj7948","description":"[MTS-3048] SMBC Cleaner","startAt":"2023-02-20T05:30:00.000+0000","timeSpentSeconds":16200,"jiraWorklogId":"22796"},"7cjnhi6hvdk1j92h9odh34auoo":{"id":"LDA-1758","calendarId":"7cjnhi6hvdk1j92h9odh34auoo","description":"Catching up on stuff from vacation [LDA-1758] ","startAt":"2023-02-20T23:00:00.000+0000","timeSpentSeconds":3600,"jiraWorklogId":"22797"},"6o7rldmbbthkq6jedf55oa6048":{"id":"MTS-3048","calendarId":"6o7rldmbbthkq6jedf55oa6048","description":"SMBC Cleaner - Masking numbers [MTS-3048]","startAt":"2023-02-21T00:00:00.000+0000","timeSpentSeconds":3600,"jiraWorklogId":"22798"},"68tjqme8i2fpv5qqbcp6fq2im2_20230221T010000Z":{"id":"LDA-1758","calendarId":"68tjqme8i2fpv5qqbcp6fq2im2_20230221T010000Z","description":"Link Data Team Standup","startAt":"2023-02-21T01:00:00.000+0000","timeSpentSeconds":1200,"jiraWorklogId":"22799"},"5eh3ocdbb5kp8bg0icc976okic":{"id":"MTS-3084","calendarId":"5eh3ocdbb5kp8bg0icc976okic","description":"Linter/Impact SMBC Cleaner [MTS-3084]","startAt":"2023-02-21T01:20:00.000+0000","timeSpentSeconds":5400,"jiraWorklogId":"22800"},"4qtv7r9eohmbss1p7gd0e8c9br":{"id":"MTS-3084","calendarId":"4qtv7r9eohmbss1p7gd0e8c9br","description":"SMBC Cleaner, Why is it failing after Linter fixes? [MTS-3084]","startAt":"2023-02-21T05:15:00.000+0000","timeSpentSeconds":3600,"jiraWorklogId":"22801"},"56eq4o0g6gvq2ftncp9idgf293":{"id":"MTS-3084","calendarId":"56eq4o0g6gvq2ftncp9idgf293","description":"SMBC Cleaner, Why is it failing after Linter fixes? [MTS-3084]","startAt":"2023-02-21T07:00:00.000+0000","timeSpentSeconds":3600,"jiraWorklogId":"22802"},"3aebnlt43iujkm151utesifdj3":{"id":"MTS-3084","calendarId":"3aebnlt43iujkm151utesifdj3","description":"Linter Override. Why is Corporate Timing out? [MTS-3084]","startAt":"2023-02-21T08:30:00.000+0000","timeSpentSeconds":3000,"jiraWorklogId":"22803"},"68tjqme8i2fpv5qqbcp6fq2im2_20230222T010000Z":{"id":"LDA-1758","calendarId":"68tjqme8i2fpv5qqbcp6fq2im2_20230222T010000Z","description":"Link Data Team Standup","startAt":"2023-02-22T01:00:00.000+0000","timeSpentSeconds":1200,"jiraWorklogId":"22804"},"dgo5edsn1dg9b8bi9b8lni8b93_20230222T013000Z":{"id":"LDA-2445","calendarId":"dgo5edsn1dg9b8bi9b8lni8b93_20230222T013000Z","description":"Tier2-3 Support Grooming","startAt":"2023-02-22T01:30:00.000+0000","timeSpentSeconds":3600,"jiraWorklogId":"22805"},"91vnvqb2p3e6mprh5vu18khfvj_20230223T053000Z":{"id":"LDA-1758","calendarId":"91vnvqb2p3e6mprh5vu18khfvj_20230223T053000Z","description":"LINK Data Backlog Grooming & Prioritization","startAt":"2023-02-22T04:00:00.000+0000","timeSpentSeconds":3000,"jiraWorklogId":"22806"},"68tg4ssmvq8vrqc7e0tn12lokq":{"id":"LDA-2799","calendarId":"68tg4ssmvq8vrqc7e0tn12lokq","description":"[LDA-2799] Pair Review Saison Card","startAt":"2023-02-22T05:00:00.000+0000","timeSpentSeconds":3600,"jiraWorklogId":"22807"},"0fdsiuda529qpl7ebuj2e8md7f":{"id":"MTS-3048","calendarId":"0fdsiuda529qpl7ebuj2e8md7f","description":"Fabio / Brandon [MTS-3048] madness","startAt":"2023-02-22T06:30:00.000+0000","timeSpentSeconds":3600,"jiraWorklogId":"22808"},"3pbh13qb1h5217tm0gghq8v1i9_20230222T043000Z":{"id":"LDA-1758","calendarId":"3pbh13qb1h5217tm0gghq8v1i9_20230222T043000Z","description":"Focus time [LDA-1758]","startAt":"2023-02-22T06:45:00.000+0000","timeSpentSeconds":4500,"jiraWorklogId":"22809"},"3j0nrmdq2pmdm49vkst15vd7uc":{"id":"MTS-3048","calendarId":"3j0nrmdq2pmdm49vkst15vd7uc","description":"[MTS-3048] Pair Programming","startAt":"2023-02-22T08:00:00.000+0000","timeSpentSeconds":3600,"jiraWorklogId":"22810"},"0h5gfiphfrltgb97bne706t8gl":{"id":"MTS-3048","calendarId":"0h5gfiphfrltgb97bne706t8gl","description":"[MTS-3048] Cont'd Development","startAt":"2023-02-22T09:00:00.000+0000","timeSpentSeconds":3600,"jiraWorklogId":"22811"},"7oo5j5lfcu6ab4eh5031sn54ms":{"id":"LDA-1758","calendarId":"7oo5j5lfcu6ab4eh5031sn54ms","description":"[LDA-1758]","startAt":"2023-02-23T23:00:00.000+0000","timeSpentSeconds":7200,"jiraWorklogId":"22812"},"15srmdka0f1mhosu2qsevcta8i":{"id":"LDA-1758","calendarId":"15srmdka0f1mhosu2qsevcta8i","description":"[LDA-1758] Link Data Standup","startAt":"2023-02-24T01:00:00.000+0000","timeSpentSeconds":1800,"jiraWorklogId":"22813"},"71opl0t4t5t45ns0e22gc1alqf":{"id":"MTS-3084","calendarId":"71opl0t4t5t45ns0e22gc1alqf","description":" [MTS-3084] Test PRs potential impact on other FIs","startAt":"2023-02-24T01:30:00.000+0000","timeSpentSeconds":1800,"jiraWorklogId":"22814"},"4mcf359oo4o89d11rt9krlesdj":{"id":"MTS-3048","calendarId":"4mcf359oo4o89d11rt9krlesdj","description":"[MTS-3048] Investigate xhr function","startAt":"2023-02-24T02:00:00.000+0000","timeSpentSeconds":5700,"jiraWorklogId":"22815"},"2i435ig0174g9rj4v0dppninb8":{"id":"LDA-2798","calendarId":"2i435ig0174g9rj4v0dppninb8","description":"[LDA-2798] PR Review","startAt":"2023-02-24T05:00:00.000+0000","timeSpentSeconds":3600,"jiraWorklogId":"22816"},"6hbc3j2qgr7gv2vn46vt5ankma":{"id":"LDA-1758","calendarId":"6hbc3j2qgr7gv2vn46vt5ankma","description":"[LDA-1758] Migrate to OnePassword","startAt":"2023-02-24T06:00:00.000+0000","timeSpentSeconds":3600,"jiraWorklogId":"22817"},"5opl84kmmctud5h9e0dm4rn30n":{"id":"MTS-3084","calendarId":"5opl84kmmctud5h9e0dm4rn30n","description":"[MTS-3084] Prep PR for Monday Release","startAt":"2023-02-24T07:30:00.000+0000","timeSpentSeconds":1800,"jiraWorklogId":"22818"},"6ami8eqk8flr5rfonvdgegh8l8":{"id":"LDA-1758","calendarId":"6ami8eqk8flr5rfonvdgegh8l8","description":"[LDA-1758]","startAt":"2023-02-26T23:00:00.000+0000","timeSpentSeconds":7200},"68tjqme8i2fpv5qqbcp6fq2im2_20230227T010000Z":{"id":"LDA-1758","calendarId":"68tjqme8i2fpv5qqbcp6fq2im2_20230227T010000Z","description":"Link Data Team Standup","startAt":"2023-02-27T01:00:00.000+0000","timeSpentSeconds":1200},"5sc4d2c1a1uqk1etvl20gnhi4g_20230227T013000Z":{"id":"LDA-2445","calendarId":"5sc4d2c1a1uqk1etvl20gnhi4g_20230227T013000Z","description":"All-Tier Support Standup","startAt":"2023-02-27T01:30:00.000+0000","timeSpentSeconds":1800},"7o6vf4d4r3hlb5msubbe9t9dba":{"id":"LDA-1758","calendarId":"7o6vf4d4r3hlb5msubbe9t9dba","description":"Timothy / Brandon [LDA-1758] Triaging","startAt":"2023-02-27T04:00:00.000+0000","timeSpentSeconds":3600},"56ngueuh5nfv48c06b13onv1bf":{"id":"MTS-3084","calendarId":"56ngueuh5nfv48c06b13onv1bf","description":"[MTS-3084] PR Batch Rollout","startAt":"2023-02-27T05:00:00.000+0000","timeSpentSeconds":3600},"7msp7bc98fmgj5vdpbn4j6se7h":{"id":"MTS-3019","calendarId":"7msp7bc98fmgj5vdpbn4j6se7h","description":"[MTS-3019] Batch Rollout","startAt":"2023-02-27T06:00:00.000+0000","timeSpentSeconds":1800},"64bpk3r4on80c4ssq6mbb7lhdb":{"id":"MTS-2904","calendarId":"64bpk3r4on80c4ssq6mbb7lhdb","description":"[MTS-2904] Brandon / Tim Shinsei","startAt":"2023-02-27T06:45:00.000+0000","timeSpentSeconds":2700},"744iqs5uu0t4bbofuulfpgqe95":{"id":"MTS-2094","calendarId":"744iqs5uu0t4bbofuulfpgqe95","description":"[MTS-2094] Figure out why our BHs won't run","startAt":"2023-02-27T07:30:00.000+0000","timeSpentSeconds":1800},"06cuqh53f5vk9nrgq0qdccjmhj":{"id":"LDA-1758","calendarId":"06cuqh53f5vk9nrgq0qdccjmhj","description":"[LDA-1758]","startAt":"2023-02-27T23:00:00.000+0000","timeSpentSeconds":7200},"7osnvtj7e4hdquce466quja79d":{"id":"MTS-3084","calendarId":"7osnvtj7e4hdquce466quja79d","description":"[MTS-3084] Check SMBC Status","startAt":"2023-02-28T00:45:00.000+0000","timeSpentSeconds":4500},"68tjqme8i2fpv5qqbcp6fq2im2_20230228T010000Z":{"id":"LDA-1758","calendarId":"68tjqme8i2fpv5qqbcp6fq2im2_20230228T010000Z","description":"Link Data Team Standup","startAt":"2023-02-28T01:00:00.000+0000","timeSpentSeconds":1200},"52c41p394grlcmft2lp8rat0ir_20230228T020000Z":{"id":"LDA-1758","calendarId":"52c41p394grlcmft2lp8rat0ir_20230228T020000Z","description":"Monthly Engineering All Hands","startAt":"2023-02-28T02:00:00.000+0000","timeSpentSeconds":3600},"82v3p22v70ochcd88hutjqf0ek_20230228T040000Z":{"id":"LDA-2445","calendarId":"82v3p22v70ochcd88hutjqf0ek_20230228T040000Z","description":"All-Tier Support Standup","startAt":"2023-02-28T04:00:00.000+0000","timeSpentSeconds":1800},"4mjug4irk1qqdpl0c45r8epgh4":{"id":"MTS-2904","calendarId":"4mjug4irk1qqdpl0c45r8epgh4","description":"Brandon  / Keisuke - Pair on [MTS-2904]","startAt":"2023-02-28T04:45:00.000+0000","timeSpentSeconds":4500},"5q937h8r98aop6hb2por9cfdmm":{"id":"MTS-3102","calendarId":"5q937h8r98aop6hb2por9cfdmm","description":"[MTS-3102] Triaging","startAt":"2023-02-28T05:45:00.000+0000","timeSpentSeconds":900},"36e1maaf0ittgo28rvraob9vik":{"id":"MTS-3065","calendarId":"36e1maaf0ittgo28rvraob9vik","description":"[MTS-3065] Triaging","startAt":"2023-02-28T06:00:00.000+0000","timeSpentSeconds":1800},"7dpfo6e2tl0ebbtt2c95v2vria":{"id":"MTS-3012","calendarId":"7dpfo6e2tl0ebbtt2c95v2vria","description":"[MTS-3012] Triaging","startAt":"2023-02-28T06:30:00.000+0000","timeSpentSeconds":3600},"6snobavoft3kp1370rv7oq3259":{"id":"LDA-1758","calendarId":"6snobavoft3kp1370rv7oq3259","description":"[LDA-1758]","startAt":"2023-02-28T23:00:00.000+0000","timeSpentSeconds":7200},"68tjqme8i2fpv5qqbcp6fq2im2_20230301T010000Z":{"id":"LDA-1758","calendarId":"68tjqme8i2fpv5qqbcp6fq2im2_20230301T010000Z","description":"Link Data Team Standup","startAt":"2023-03-01T01:00:00.000+0000","timeSpentSeconds":1200},"dgo5edsn1dg9b8bi9b8lni8b93_20230301T013000Z":{"id":"LDA-2445","calendarId":"dgo5edsn1dg9b8bi9b8lni8b93_20230301T013000Z","description":"Tier2-3 Support Grooming","startAt":"2023-03-01T01:30:00.000+0000","timeSpentSeconds":3600},"7amf7ar2civn6n3r99r94er94n":{"id":"MTS-3012","calendarId":"7amf7ar2civn6n3r99r94er94n","description":"Fabio / Brandon [MTS-3012] Daiwa Renewal","startAt":"2023-03-01T04:00:00.000+0000","timeSpentSeconds":17100},"68tjqme8i2fpv5qqbcp6fq2im2_20230302T010000Z":{"id":"LDA-1758","calendarId":"68tjqme8i2fpv5qqbcp6fq2im2_20230302T010000Z","description":"Link Data Team Standup","startAt":"2023-03-02T01:00:00.000+0000","timeSpentSeconds":1200},"sf3ghrrh3ger31ld4qcbfnteci_20230302T013000Z":{"id":"LDA-2445","calendarId":"sf3ghrrh3ger31ld4qcbfnteci_20230302T013000Z","description":"All-Tier Support Standup","startAt":"2023-03-02T01:30:00.000+0000","timeSpentSeconds":2700},"487mroo2otgi5jel2hr28p31ba":{"id":"LDA-2827","calendarId":"487mroo2otgi5jel2hr28p31ba","description":"[LDA-2827] D Card Running Jobs Locally","startAt":"2023-03-02T02:15:00.000+0000","timeSpentSeconds":1800},"48drbmu187r308l5ms7t96rnsh":{"id":"LDA-2626","calendarId":"48drbmu187r308l5ms7t96rnsh","description":"[LDA-2626] Brandon  / Keisuke","startAt":"2023-03-02T04:15:00.000+0000","timeSpentSeconds":2700},"5qk47pseacgks3bi1tdqa386ns":{"id":"LDA-2626","calendarId":"5qk47pseacgks3bi1tdqa386ns","description":"[LDA-2626] Update constants","startAt":"2023-03-02T05:00:00.000+0000","timeSpentSeconds":1800},"91vnvqb2p3e6mprh5vu18khfvj_20230302T053000Z":{"id":"LDA-1758","calendarId":"91vnvqb2p3e6mprh5vu18khfvj_20230302T053000Z","description":"LINK Data Backlog Grooming & Prioritization","startAt":"2023-03-02T05:30:00.000+0000","timeSpentSeconds":3000},"78ncppp41un9q4llpmciliipql":{"id":"MTS-3119","calendarId":"78ncppp41un9q4llpmciliipql","description":"[MTS-3119] Brandon / Tim","startAt":"2023-03-02T06:30:00.000+0000","timeSpentSeconds":4800},"1b3nf5ksumv3bcn3r6i7le26go":{"id":"MTS-3119","calendarId":"1b3nf5ksumv3bcn3r6i7le26go","description":"[MTS-3119] Prep Pr - Still need to write tests and confirm","startAt":"2023-03-02T07:45:00.000+0000","timeSpentSeconds":900},"uplcmli9dibinrlkfvsebktl2t_20230303T010000Z":{"id":"LDA-1758","calendarId":"uplcmli9dibinrlkfvsebktl2t_20230303T010000Z","description":"Link Data Team Meeting [LDA-1758]","startAt":"2023-03-03T01:00:00.000+0000","timeSpentSeconds":3600},"4ft2ikep3cqvf4cep40ttum0lf":{"id":"MTS-3119","calendarId":"4ft2ikep3cqvf4cep40ttum0lf","description":"[MTS-3119] Prep Pr - Write tests","startAt":"2023-03-03T03:00:00.000+0000","timeSpentSeconds":3600},"55pmmee5m6jdukshg9m50k0pli":{"id":"MTS-3119","calendarId":"55pmmee5m6jdukshg9m50k0pli","description":"[MTS-3119] Running locally and getting tests together","startAt":"2023-03-03T04:45:00.000+0000","timeSpentSeconds":3600},"7291vv9cr7tu76cbe0tnbu42ok":{"id":"MTS-3126","calendarId":"7291vv9cr7tu76cbe0tnbu42ok","description":"[MTS-3126] Diners card Missing Txns","startAt":"2023-03-03T06:00:00.000+0000","timeSpentSeconds":3600},"3e6sb7r8vtdqhttam8g9q8pg8h":{"id":"MTS-3126","calendarId":"3e6sb7r8vtdqhttam8g9q8pg8h","description":"[MTS-3126] What's the deal with D-card Corporate?","startAt":"2023-03-03T07:15:00.000+0000","timeSpentSeconds":1800},"68tjqme8i2fpv5qqbcp6fq2im2_20230306T010000Z":{"id":"LDA-1758","calendarId":"68tjqme8i2fpv5qqbcp6fq2im2_20230306T010000Z","description":"Link Data Team Standup","startAt":"2023-03-06T01:00:00.000+0000","timeSpentSeconds":1200},"71sct9e8dmsser6neljfrotqoo":{"id":"LDA-2825","calendarId":"71sct9e8dmsser6neljfrotqoo","description":"[LDA-2825] Lastpass Migration","startAt":"2023-03-06T01:20:00.000+0000","timeSpentSeconds":1800},"5jl5jkes63bn6hrl43367v1t6i":{"id":"LDA-2839","calendarId":"5jl5jkes63bn6hrl43367v1t6i","description":"[LDA-2839] Personal Password migration to 1password","startAt":"2023-03-06T03:30:00.000+0000","timeSpentSeconds":3600},"2rm1bg07i9u8pjbhdhncpnvmuc":{"id":"LDA-2825","calendarId":"2rm1bg07i9u8pjbhdhncpnvmuc","description":"Nick / Brandon [LDA-2825] Lastpass sync up","startAt":"2023-03-06T04:45:00.000+0000","timeSpentSeconds":13500},"68tjqme8i2fpv5qqbcp6fq2im2_20230307T010000Z":{"id":"LDA-1758","calendarId":"68tjqme8i2fpv5qqbcp6fq2im2_20230307T010000Z","description":"Link Data Team Standup","startAt":"2023-03-07T01:00:00.000+0000","timeSpentSeconds":1200},"7e84vnjh3aqr80qa4g466qdabl":{"id":"LDA-2825","calendarId":"7e84vnjh3aqr80qa4g466qdabl","description":"[LDA-2825] Check Staging/Double Check","startAt":"2023-03-07T01:15:00.000+0000","timeSpentSeconds":5400},"2lf53qs1ng216h6e68jdk8jr9m":{"id":"LDA-2825","calendarId":"2lf53qs1ng216h6e68jdk8jr9m","description":"[LDA-2825] Check Staging/Double Check","startAt":"2023-03-07T04:30:00.000+0000","timeSpentSeconds":7200},"3pbh13qb1h5217tm0gghq8v1i9_20230308T043000Z":{"id":"LDA-1758","calendarId":"3pbh13qb1h5217tm0gghq8v1i9_20230308T043000Z","description":"Focus time [LDA-1758]","startAt":"2023-03-07T06:45:00.000+0000","timeSpentSeconds":4500},"2do3eegc2vhnk024i45dep0c1t":{"id":"LDA-2825","calendarId":"2do3eegc2vhnk024i45dep0c1t","description":"[LDA-2825] Update Ticket based of IRC","startAt":"2023-03-07T07:45:00.000+0000","timeSpentSeconds":1800},"68tjqme8i2fpv5qqbcp6fq2im2_20230309T010000Z":{"id":"LDA-1758","calendarId":"68tjqme8i2fpv5qqbcp6fq2im2_20230309T010000Z","description":"Link Data Team Standup","startAt":"2023-03-09T01:00:00.000+0000","timeSpentSeconds":1200},"1vq2d3e0225300f88i450dfa7r":{"id":"LDA-2825","calendarId":"1vq2d3e0225300f88i450dfa7r","description":"[LDA-2825] - LastPass Stuff","startAt":"2023-03-09T01:30:00.000+0000","timeSpentSeconds":3600},"3ltkd5pkcra0b1a561a1ocdbrt":{"id":"LDA-2825","calendarId":"3ltkd5pkcra0b1a561a1ocdbrt","description":"[LDA-2825] Try to extract Japanese Name from Locale Id","startAt":"2023-03-09T02:30:00.000+0000","timeSpentSeconds":11700},"91vnvqb2p3e6mprh5vu18khfvj_20230309T053000Z":{"id":"LDA-1758","calendarId":"91vnvqb2p3e6mprh5vu18khfvj_20230309T053000Z","description":"LINK Data Backlog Grooming & Prioritization","startAt":"2023-03-09T05:30:00.000+0000","timeSpentSeconds":3000},"7mn1nn6ujdum7ct3kna24sm8vb":{"id":"LDA-2825","calendarId":"7mn1nn6ujdum7ct3kna24sm8vb","description":"[LDA-2825] More password stuff","startAt":"2023-03-09T07:30:00.000+0000","timeSpentSeconds":1800},"uplcmli9dibinrlkfvsebktl2t_20230310T010000Z":{"id":"LDA-1758","calendarId":"uplcmli9dibinrlkfvsebktl2t_20230310T010000Z","description":"Link Data Team Meeting [LDA-1758]","startAt":"2023-03-10T01:00:00.000+0000","timeSpentSeconds":5400},"138om8o459koa0dp4fjjiafqtv":{"id":"LDA-1758","calendarId":"138om8o459koa0dp4fjjiafqtv","description":"[LDA-1758] Watch Saison Multi-Account Meeting Retro","startAt":"2023-03-10T03:45:00.000+0000","timeSpentSeconds":3600},"3tpr8j16f6k2cn1mv46fcuvcff":{"id":"LDA-2825","calendarId":"3tpr8j16f6k2cn1mv46fcuvcff","description":"[LDA-2825] Retool script and get new names","startAt":"2023-03-10T06:00:00.000+0000","timeSpentSeconds":3600},"6ulmg314e78sggur89qmgln85a":{"id":"LDA-2781","calendarId":"6ulmg314e78sggur89qmgln85a","description":"[LDA-2781] Look into ML transactional-based fingerprinting","startAt":"2023-03-10T07:00:00.000+0000","timeSpentSeconds":3600},"68tjqme8i2fpv5qqbcp6fq2im2_20230313T010000Z":{"id":"LDA-1758","calendarId":"68tjqme8i2fpv5qqbcp6fq2im2_20230313T010000Z","description":"Link Data Team Standup","startAt":"2023-03-13T01:00:00.000+0000","timeSpentSeconds":1200},"1l7abc2s2vkbn3vsbjib6mh6gt":{"id":"LDA-2847","calendarId":"1l7abc2s2vkbn3vsbjib6mh6gt","description":"[LDA-2847] Yucho Research","startAt":"2023-03-13T01:20:00.000+0000","timeSpentSeconds":4200},"1hju1pb32lcootn3umg1mtk0s1":{"id":"LDA-2847","calendarId":"1hju1pb32lcootn3umg1mtk0s1","description":"[LDA-2847] - Yucho Investigation","startAt":"2023-03-13T04:00:00.000+0000","timeSpentSeconds":2700},"6563ame9sc9ee6dq93mfofg9f4":{"id":"LDA-1758","calendarId":"6563ame9sc9ee6dq93mfofg9f4","description":"Regarding the list of affected FIs","startAt":"2023-03-13T04:45:00.000+0000","timeSpentSeconds":900},"03r23oucbqdvvd0bcrs3q0qifb":{"id":"LDA-2764","calendarId":"03r23oucbqdvvd0bcrs3q0qifb","description":"[LDA-2764]","startAt":"2023-03-13T05:00:00.000+0000","timeSpentSeconds":10800},"3neuv9blq1o8300l6p5nn4rb2m":{"id":"LDA-2849","calendarId":"3neuv9blq1o8300l6p5nn4rb2m","description":"[LDA-2849] Preliminary Checklist Creation","startAt":"2023-03-14T00:00:00.000+0000","timeSpentSeconds":3600},"68tjqme8i2fpv5qqbcp6fq2im2_20230314T010000Z":{"id":"LDA-1758","calendarId":"68tjqme8i2fpv5qqbcp6fq2im2_20230314T010000Z","description":"Link Data Team Standup","startAt":"2023-03-14T01:00:00.000+0000","timeSpentSeconds":1200},"0lsigdud6mbq5eoq55rgi792os":{"id":"LDA-2724","calendarId":"0lsigdud6mbq5eoq55rgi792os","description":"Timothy / Brandon [LDA-2724] 4-day ww catchup","startAt":"2023-03-14T01:30:00.000+0000","timeSpentSeconds":900},"4psu2ln186piivqogo0eg6f9is":{"id":"LDA-2849","calendarId":"4psu2ln186piivqogo0eg6f9is","description":"Rory / Brandon [LDA-2849]","startAt":"2023-03-14T02:00:00.000+0000","timeSpentSeconds":3600},"5ah79mh7c7spe67drljnbkmjq5":{"id":"LDA-2862","calendarId":"5ah79mh7c7spe67drljnbkmjq5","description":"[LDA-2862] Action Items","startAt":"2023-03-14T04:15:00.000+0000","timeSpentSeconds":3600},"50s99e7r38b7ohas6re8dtloar":{"id":"LDA-2764","calendarId":"50s99e7r38b7ohas6re8dtloar","description":"[LDA-2764] Custom Data Feature","startAt":"2023-03-14T06:00:00.000+0000","timeSpentSeconds":3600},"7339oouq2clghe2ttlgcdc6hr7":{"id":"LDA-2724","calendarId":"7339oouq2clghe2ttlgcdc6hr7","description":"Hackdays Follow-up on 4-day workweek","startAt":"2023-03-14T07:00:00.000+0000","timeSpentSeconds":1800},"3o301ohfufngvocc2jl3mtokje":{"id":"LDA-2724","calendarId":"3o301ohfufngvocc2jl3mtokje","description":"[LDA-2724] - Research","startAt":"2023-03-14T23:00:00.000+0000","timeSpentSeconds":3600},"68tjqme8i2fpv5qqbcp6fq2im2_20230315T010000Z":{"id":"LDA-1758","calendarId":"68tjqme8i2fpv5qqbcp6fq2im2_20230315T010000Z","description":"Link Data Team Standup","startAt":"2023-03-15T01:00:00.000+0000","timeSpentSeconds":1200},"5nfqjv09i162g85qqu1v0lvsbv":{"id":"LDA-2724","calendarId":"5nfqjv09i162g85qqu1v0lvsbv","description":"Rory / Brandon  [LDA-2724] Shimane","startAt":"2023-03-15T01:15:00.000+0000","timeSpentSeconds":6300},"76oj9nq4q4omkdh4ioum1igvvt":{"id":"LDA-2849","calendarId":"76oj9nq4q4omkdh4ioum1igvvt","description":"Rory / Brandon  [LDA-2849] Shimane Staging","startAt":"2023-03-15T04:15:00.000+0000","timeSpentSeconds":5700},"02a745r6p7lt1ao020qct7i44q":{"id":"LDA-2849","calendarId":"02a745r6p7lt1ao020qct7i44q","description":"[LDA-2849] Shimane","startAt":"2023-03-15T06:30:00.000+0000","timeSpentSeconds":3600},"3v27c35028m1d6j83nvg7kmnil":{"id":"LDA-2847","calendarId":"3v27c35028m1d6j83nvg7kmnil","description":"[LDA-2847]Yucho","startAt":"2023-03-15T07:30:00.000+0000","timeSpentSeconds":1800},"5po5g00u0bq5ibm9gmamqs2rlh":{"id":"LDA-2849","calendarId":"5po5g00u0bq5ibm9gmamqs2rlh","description":"[LDA-2849] Shimane","startAt":"2023-03-15T08:00:00.000+0000","timeSpentSeconds":900},"61ajqhgkm21rgfplepcpa7v4ta":{"id":"LDA-2825","calendarId":"61ajqhgkm21rgfplepcpa7v4ta","description":"[LDA-2825] More password stuff","startAt":"2023-03-15T08:15:00.000+0000","timeSpentSeconds":900},"4g43gbcq1vj4rad227d3ufl2dt":{"id":"LDA-2724","calendarId":"4g43gbcq1vj4rad227d3ufl2dt","description":"[LDA-2724] - Research","startAt":"2023-03-15T23:00:00.000+0000","timeSpentSeconds":3600},"68tjqme8i2fpv5qqbcp6fq2im2_20230316T010000Z":{"id":"LDA-1758","calendarId":"68tjqme8i2fpv5qqbcp6fq2im2_20230316T010000Z","description":"Link Data Team Standup","startAt":"2023-03-16T01:00:00.000+0000","timeSpentSeconds":1200},"5t3128ifgb6ngl5gv2debv4394":{"id":"LDA-2847","calendarId":"5t3128ifgb6ngl5gv2debv4394","description":"Keisuke / Brandon [LDA-2847] Yucho Review","startAt":"2023-03-16T01:30:00.000+0000","timeSpentSeconds":4500},"66ifq04iqvs4iu9anng52vaeh7":{"id":"LDA-2847","calendarId":"66ifq04iqvs4iu9anng52vaeh7","description":"[LDA-2847] Yucho Staging","startAt":"2023-03-16T04:00:00.000+0000","timeSpentSeconds":5400},"91vnvqb2p3e6mprh5vu18khfvj_20230316T053000Z":{"id":"LDA-1758","calendarId":"91vnvqb2p3e6mprh5vu18khfvj_20230316T053000Z","description":"LINK Data Backlog Grooming & Prioritization","startAt":"2023-03-16T05:30:00.000+0000","timeSpentSeconds":3000},"6p24c3v7eeihq1fa47v0vi9913":{"id":"LDA-2847","calendarId":"6p24c3v7eeihq1fa47v0vi9913","description":"Keisuke / Brandon [LDA-2847] Yucho","startAt":"2023-03-16T05:45:00.000+0000","timeSpentSeconds":1800},"7g0ilkechk6d7u9hp24coefreb":{"id":"LDA-2847","calendarId":"7g0ilkechk6d7u9hp24coefreb","description":"[LDA-2847] Yucho Staging Test","startAt":"2023-03-16T06:15:00.000+0000","timeSpentSeconds":2700},"4vdke02rbvdo3bdl1mqsu7mv3a":{"id":"LDA-2847","calendarId":"4vdke02rbvdo3bdl1mqsu7mv3a","description":"Rory / Brandon [LDA-2847] Yucho Staging Test","startAt":"2023-03-16T07:00:00.000+0000","timeSpentSeconds":3600},"6hb3oovutsq41v9khhg3so7ijh":{"id":"LDA-2847","calendarId":"6hb3oovutsq41v9khhg3so7ijh","description":"[LDA-2847] Yucho Staging Test","startAt":"2023-03-16T08:00:00.000+0000","timeSpentSeconds":1200},"52hm76o8gnafj16bljo480cs78":{"id":"LDA-2847","calendarId":"52hm76o8gnafj16bljo480cs78","description":"[LDA-2847]Yucho","startAt":"2023-03-17T00:00:00.000+0000","timeSpentSeconds":3600},"uplcmli9dibinrlkfvsebktl2t_20230317T010000Z":{"id":"LDA-1758","calendarId":"uplcmli9dibinrlkfvsebktl2t_20230317T010000Z","description":"Link Data Team Meeting [LDA-1758]","startAt":"2023-03-17T01:00:00.000+0000","timeSpentSeconds":5400},"3pb2r7cadqtvc1im88r95r160s":{"id":"LDA-2847","calendarId":"3pb2r7cadqtvc1im88r95r160s","description":"[LDA-2847] Yuch","startAt":"2023-03-17T03:45:00.000+0000","timeSpentSeconds":2700},"1e06r5mbfqmklorfg9i7g5mtpt":{"id":"LDA-2847","calendarId":"1e06r5mbfqmklorfg9i7g5mtpt","description":"Nick / Brandon [LDA-2847] Yucho staging test","startAt":"2023-03-17T04:30:00.000+0000","timeSpentSeconds":5400},"2kronsmuk5nd5bbe87vcubslan":{"id":"LDA-2874","calendarId":"2kronsmuk5nd5bbe87vcubslan","description":"Nick / Brandon [LDA-2874] [INC-293] Reset all impacted credentials to a refreshable status","startAt":"2023-03-17T06:00:00.000+0000","timeSpentSeconds":3600},"6se77v89p06maraeqqjqnjmq4t":{"id":"LDA-2867","calendarId":"6se77v89p06maraeqqjqnjmq4t","description":"[LDA-2867] Script for Staging Tests","startAt":"2023-03-17T07:30:00.000+0000","timeSpentSeconds":1800},"68tjqme8i2fpv5qqbcp6fq2im2_20230320T010000Z":{"id":"LDA-1758","calendarId":"68tjqme8i2fpv5qqbcp6fq2im2_20230320T010000Z","description":"Link Data Team Standup","startAt":"2023-03-20T01:00:00.000+0000","timeSpentSeconds":1200},"68tjqme8i2fpv5qqbcp6fq2im2_20230321T010000Z":{"id":"LDA-1758","calendarId":"68tjqme8i2fpv5qqbcp6fq2im2_20230321T010000Z","description":"Link Data Team Standup","startAt":"2023-03-21T01:00:00.000+0000","timeSpentSeconds":1200},"3udlvslouggfp7qknglg48tsu6":{"id":"LDA-2724","calendarId":"3udlvslouggfp7qknglg48tsu6","description":"[LDA-2724] - Research","startAt":"2023-03-22T23:00:00.000+0000","timeSpentSeconds":3600},"1hesmmlllv0cqdemqfh9liom84":{"id":"LDA-2867","calendarId":"1hesmmlllv0cqdemqfh9liom84","description":"[LDA-2867] - Research","startAt":"2023-03-23T00:00:00.000+0000","timeSpentSeconds":3600},"68tjqme8i2fpv5qqbcp6fq2im2_20230323T010000Z":{"id":"LDA-1758","calendarId":"68tjqme8i2fpv5qqbcp6fq2im2_20230323T010000Z","description":"Link Data Team Standup","startAt":"2023-03-23T01:00:00.000+0000","timeSpentSeconds":1200},"91vnvqb2p3e6mprh5vu18khfvj_20230323T053000Z":{"id":"LDA-1758","calendarId":"91vnvqb2p3e6mprh5vu18khfvj_20230323T053000Z","description":"LINK Data Backlog Grooming & Prioritization","startAt":"2023-03-23T05:30:00.000+0000","timeSpentSeconds":3000},"4lac1qbuiu7ll5o2gq4daiu5lm":{"id":"LDA-2867","calendarId":"4lac1qbuiu7ll5o2gq4daiu5lm","description":"[LDA-2867] - Programming","startAt":"2023-03-23T01:30:00.000+0000","timeSpentSeconds":3600},"4fak3lo45dvv70bj1c40b0m0ip":{"id":"LDA-2847","calendarId":"4fak3lo45dvv70bj1c40b0m0ip","description":"[LDA-2847] Yucho Skip Transactions PR","startAt":"2023-03-23T06:30:00.000+0000","timeSpentSeconds":1800},"2982olttte3cch0v6p7en3svok":{"id":"LDA-2867","calendarId":"2982olttte3cch0v6p7en3svok","description":"[LDA-2867]","startAt":"2023-03-23T07:00:00.000+0000","timeSpentSeconds":3600},"23as1c9qqjjm77fe0cr4h8m733":{"id":"LDA-2847","calendarId":"23as1c9qqjjm77fe0cr4h8m733","description":"[LDA-2847] Post Folder setup command","startAt":"2023-03-23T23:00:00.000+0000","timeSpentSeconds":3600},"75v6ieicicr407rlva4bp7pdp4":{"id":"LDA-2867","calendarId":"75v6ieicicr407rlva4bp7pdp4","description":"[LDA-2867] - What are reasonable measurements","startAt":"2023-03-24T00:00:00.000+0000","timeSpentSeconds":3600},"uplcmli9dibinrlkfvsebktl2t_20230324T010000Z":{"id":"LDA-1758","calendarId":"uplcmli9dibinrlkfvsebktl2t_20230324T010000Z","description":"Link Data Team Meeting [LDA-1758]","startAt":"2023-03-24T01:00:00.000+0000","timeSpentSeconds":5400},"21lgmrn15mp1usrk33pk5npf21":{"id":"LDA-2867","calendarId":"21lgmrn15mp1usrk33pk5npf21","description":"[LDA-2867] Find system folder/getConnect() presence by fid","startAt":"2023-03-24T03:30:00.000+0000","timeSpentSeconds":3600},"2e9i2beipnb35ogfr34eupeu2a":{"id":"LDA-2847","calendarId":"2e9i2beipnb35ogfr34eupeu2a","description":"Nick / Brandon [LDA-2847] Yucho spurred research","startAt":"2023-03-24T04:30:00.000+0000","timeSpentSeconds":3600},"3rv77t7deora38t7nnv5acv18q":{"id":"LDA-2867","calendarId":"3rv77t7deora38t7nnv5acv18q","description":"[LDA-2867] Prompt CS update and open in browser","startAt":"2023-03-24T05:30:00.000+0000","timeSpentSeconds":13500},"1lv8pd8v9e50c3kgr63rl129vj":{"id":"LDA-2867","calendarId":"1lv8pd8v9e50c3kgr63rl129vj","description":"[LDA-2867] Further fine tune","startAt":"2023-03-27T00:00:00.000+0000","timeSpentSeconds":3600},"68tjqme8i2fpv5qqbcp6fq2im2_20230327T010000Z":{"id":"LDA-1758","calendarId":"68tjqme8i2fpv5qqbcp6fq2im2_20230327T010000Z","description":"Link Data Team Standup","startAt":"2023-03-27T01:00:00.000+0000","timeSpentSeconds":1200},"2ntsmjla42atfpe961khf2s8h4":{"id":"LDA-2891","calendarId":"2ntsmjla42atfpe961khf2s8h4","description":"[LDA-2891] Get list of Systems without getConnectInstructions","startAt":"2023-03-27T01:15:00.000+0000","timeSpentSeconds":8100},"3mla9prk326j4dge3r4300fo60":{"id":"LDA-2825","calendarId":"3mla9prk326j4dge3r4300fo60","description":"[LDA-2825]LastPass incident response","startAt":"2023-03-27T04:15:00.000+0000","timeSpentSeconds":5400},"1c8vf80q0tq7oadtg4agqi25u9":{"id":"LDA-2891","calendarId":"1c8vf80q0tq7oadtg4agqi25u9","description":"[LDA-2891] Create Work Tickets","startAt":"2023-03-27T06:00:00.000+0000","timeSpentSeconds":9900},"1n57lkto2i4ijr4pd99riseo5h":{"id":"LDA-2891","calendarId":"1n57lkto2i4ijr4pd99riseo5h","description":"[LDA-2891] Work more on automating ID work","startAt":"2023-03-28T00:00:00.000+0000","timeSpentSeconds":29700},"68tjqme8i2fpv5qqbcp6fq2im2_20230328T010000Z":{"id":"LDA-1758","calendarId":"68tjqme8i2fpv5qqbcp6fq2im2_20230328T010000Z","description":"Link Data Team Standup","startAt":"2023-03-28T01:00:00.000+0000","timeSpentSeconds":1500},"52c41p394grlcmft2lp8rat0ir_20230328T020000Z":{"id":"LDA-1758","calendarId":"52c41p394grlcmft2lp8rat0ir_20230328T020000Z","description":"Monthly Engineering All Hands","startAt":"2023-03-28T02:00:00.000+0000","timeSpentSeconds":3600},"3pbh13qb1h5217tm0gghq8v1i9_20230329T043000Z":{"id":"LDA-1758","calendarId":"3pbh13qb1h5217tm0gghq8v1i9_20230329T043000Z","description":"Focus time [LDA-1758]","startAt":"2023-03-28T04:00:00.000+0000","timeSpentSeconds":4500},"6usas5066i742j99pqmtngk43m":{"id":"LDA-2891","calendarId":"6usas5066i742j99pqmtngk43m","description":"[LDA-2891] Work more on automating ID work","startAt":"2023-03-28T23:00:00.000+0000","timeSpentSeconds":18000},"68tjqme8i2fpv5qqbcp6fq2im2_20230329T010000Z":{"id":"LDA-1758","calendarId":"68tjqme8i2fpv5qqbcp6fq2im2_20230329T010000Z","description":"Link Data Team Standup","startAt":"2023-03-29T01:00:00.000+0000","timeSpentSeconds":1200},"68tjqme8i2fpv5qqbcp6fq2im2_20230330T010000Z":{"id":"LDA-1758","calendarId":"68tjqme8i2fpv5qqbcp6fq2im2_20230330T010000Z","description":"Link Data Team Standup","startAt":"2023-03-30T01:00:00.000+0000","timeSpentSeconds":1200},"1ppo09jovf3cjj4ma1pd48m4ub":{"id":"LDA-2891","calendarId":"1ppo09jovf3cjj4ma1pd48m4ub","description":"[LDA-2891] Work more on automating ID work","startAt":"2023-03-30T03:45:00.000+0000","timeSpentSeconds":18900},"91vnvqb2p3e6mprh5vu18khfvj_20230330T053000Z":{"id":"LDA-1758","calendarId":"91vnvqb2p3e6mprh5vu18khfvj_20230330T053000Z","description":"LINK Data Backlog Grooming & Prioritization","startAt":"2023-03-30T05:30:00.000+0000","timeSpentSeconds":3000},"50jdsuvv3r7kjeq9idi8nbmq9t":{"id":"LDA-2891","calendarId":"50jdsuvv3r7kjeq9idi8nbmq9t","description":"[LDA-2891] Automation","startAt":"2023-03-30T23:00:00.000+0000","timeSpentSeconds":3600,"jiraWorklogId":"25677"},"1phuiabfofhnkrp9qdmpsrk0sv":{"id":"LDA-2885","calendarId":"1phuiabfofhnkrp9qdmpsrk0sv","description":"[LDA-2885] NTT Update Rake Tasks","startAt":"2023-03-31T01:00:00.000+0000","timeSpentSeconds":6300,"jiraWorklogId":"25678"},"uplcmli9dibinrlkfvsebktl2t_20230331T010000Z":{"id":"LDA-1758","calendarId":"uplcmli9dibinrlkfvsebktl2t_20230331T010000Z","description":"Link Data Team Meeting [LDA-1758]","startAt":"2023-03-31T01:00:00.000+0000","timeSpentSeconds":5400,"jiraWorklogId":"25679"},"1qbjk1p04jea29ktduig53ho0t":{"id":"LDA-2885","calendarId":"1qbjk1p04jea29ktduig53ho0t","description":"[LDA-2885] Make General Status Update Rake Task","startAt":"2023-03-31T03:30:00.000+0000","timeSpentSeconds":5400,"jiraWorklogId":"25680"},"6235tuijo0hog0snv5lrdvisc6":{"id":"LDA-2885","calendarId":"6235tuijo0hog0snv5lrdvisc6","description":"[LDA-2885] Make General Status Update Rake Task","startAt":"2023-03-31T05:30:00.000+0000","timeSpentSeconds":5400,"jiraWorklogId":"25681"},"2728ahd58i4pue4429tjisu7j9":{"id":"LDA-2891","calendarId":"2728ahd58i4pue4429tjisu7j9","description":"[LDA-2891]","startAt":"2023-04-03T00:00:00.000+0000","timeSpentSeconds":3600,"jiraWorklogId":"25682"},"68tjqme8i2fpv5qqbcp6fq2im2_20230403T010000Z":{"id":"LDA-1758","calendarId":"68tjqme8i2fpv5qqbcp6fq2im2_20230403T010000Z","description":"Link Data Team Standup","startAt":"2023-04-03T01:00:00.000+0000","timeSpentSeconds":1200,"jiraWorklogId":"25683"},"6tg79jiv8m808emlfajrbbhm1j":{"id":"MTS-3234","calendarId":"6tg79jiv8m808emlfajrbbhm1j","description":"[MTS-3234] Micard weirdness","startAt":"2023-04-03T04:00:00.000+0000","timeSpentSeconds":15300,"jiraWorklogId":"25684"},"3e8e75iblogcijaor7ej3pm576":{"id":"MTS-3234","calendarId":"3e8e75iblogcijaor7ej3pm576","description":"[MTS-3234] Micard","startAt":"2023-04-03T23:00:00.000+0000","timeSpentSeconds":7200,"jiraWorklogId":"25685"},"68tjqme8i2fpv5qqbcp6fq2im2_20230404T010000Z":{"id":"LDA-1758","calendarId":"68tjqme8i2fpv5qqbcp6fq2im2_20230404T010000Z","description":"Link Data Team Standup","startAt":"2023-04-04T01:00:00.000+0000","timeSpentSeconds":1200,"jiraWorklogId":"25686"},"6rhbh4lq828nkuc49ucd30nsqf":{"id":"MTS-3234","calendarId":"6rhbh4lq828nkuc49ucd30nsqf","description":"[MTS-3234]","startAt":"2023-04-04T03:00:00.000+0000","timeSpentSeconds":1800,"jiraWorklogId":"25687"},"82v3p22v70ochcd88hutjqf0ek_20230404T040000Z":{"id":"LDA-2445","calendarId":"82v3p22v70ochcd88hutjqf0ek_20230404T040000Z","description":"All-Tier Support Standup","startAt":"2023-04-04T04:00:00.000+0000","timeSpentSeconds":1800,"jiraWorklogId":"25688"},"4l184see3mo4t40vtkq1g4d2po":{"id":"MTS-3288","calendarId":"4l184see3mo4t40vtkq1g4d2po","description":"[MTS-3288] Zozocard triaging","startAt":"2023-04-04T04:30:00.000+0000","timeSpentSeconds":1800,"jiraWorklogId":"25689"},"3vkbpk9pej3r7bslj336arbnqe":{"id":"MTS-3234","calendarId":"3vkbpk9pej3r7bslj336arbnqe","description":"[MTS-3234] Micard PR","startAt":"2023-04-04T05:00:00.000+0000","timeSpentSeconds":3600,"jiraWorklogId":"25690"}}